{"base_lr": 0.0002, "lr": 9.800000000000001e-06, "data_time": 0.008459720611572265, "grad_norm": NaN, "loss": 92.1458268737793, "loss_cls": 92.1458268737793, "loss_bbox": 0.0, "loss_dfl": 0.0, "time": 0.45176803588867187, "epoch": 1, "iter": 50, "memory": 7276, "step": 50}
{"base_lr": 0.0002, "lr": 1.98e-05, "data_time": 0.0018773841857910156, "grad_norm": 1189.664822692871, "loss": 48.65473518371582, "loss_cls": 48.65473518371582, "loss_bbox": 0.0, "loss_dfl": 0.0, "time": 0.3960159397125244, "epoch": 1, "iter": 100, "memory": 5762, "step": 100}
{"base_lr": 0.0002, "lr": 2.9800000000000003e-05, "data_time": 0.0017483329772949219, "grad_norm": 159.50626571655275, "loss": 34.0027698135376, "loss_cls": 34.0027698135376, "loss_bbox": 0.0, "loss_dfl": 0.0, "time": 0.3933474254608154, "epoch": 1, "iter": 150, "memory": 5762, "step": 150}
{"base_lr": 0.0002, "lr": 3.272160000000001e-05, "data_time": 0.007179346084594727, "grad_norm": 41.845376358032226, "loss": 30.624165611267088, "loss_cls": 30.624165611267088, "loss_bbox": 0.0, "loss_dfl": 0.0, "time": 0.39968860626220704, "epoch": 2, "iter": 205, "memory": 5762, "step": 205}
{"base_lr": 0.0002, "lr": 4.074160000000001e-05, "data_time": 0.0018219184875488282, "grad_norm": 31.781239738464354, "loss": 29.521343421936034, "loss_cls": 29.521343421936034, "loss_bbox": 0.0, "loss_dfl": 0.0, "time": 0.39418734073638917, "epoch": 2, "iter": 255, "memory": 5754, "step": 255}
{"base_lr": 0.0002, "lr": 4.876160000000001e-05, "data_time": 0.0017636632919311524, "grad_norm": 29.922692680358885, "loss": 28.629533615112305, "loss_cls": 28.629533615112305, "loss_bbox": 0.0, "loss_dfl": 0.0, "time": 0.3942787790298462, "epoch": 2, "iter": 305, "memory": 5754, "step": 305}
{"base_lr": 0.0002, "lr": 4.33672e-05, "data_time": 0.007252211570739746, "grad_norm": 27.81922679901123, "loss": 27.721616439819336, "loss_cls": 27.721616439819336, "loss_bbox": 0.0, "loss_dfl": 0.0, "time": 0.40085878849029544, "epoch": 3, "iter": 360, "memory": 5754, "step": 360}
{"base_lr": 0.0002, "lr": 4.94072e-05, "data_time": 0.0017650842666625977, "grad_norm": 27.070636520385744, "loss": 26.883398780822755, "loss_cls": 26.883398780822755, "loss_bbox": 0.0, "loss_dfl": 0.0, "time": 0.3959556245803833, "epoch": 3, "iter": 410, "memory": 5754, "step": 410}
{"base_lr": 0.0002, "lr": 5.54472e-05, "data_time": 0.0017431163787841797, "grad_norm": 26.37136531829834, "loss": 26.130576667785643, "loss_cls": 26.130576667785643, "loss_bbox": 0.0, "loss_dfl": 0.0, "time": 0.3960071086883545, "epoch": 3, "iter": 460, "memory": 5754, "step": 460}
{"data_time": 0.0004151853555998113, "time": 0.0322286961098906, "step": 3}
{"base_lr": 0.0002, "lr": 4.17368e-05, "data_time": 0.007253537178039551, "grad_norm": 25.933862609863283, "loss": 25.401521224975586, "loss_cls": 25.401521224975586, "loss_bbox": 0.0, "loss_dfl": 0.0, "time": 0.40267971992492674, "epoch": 4, "iter": 515, "memory": 5768, "step": 515}
{"base_lr": 0.0002, "lr": 4.579680000000001e-05, "data_time": 0.0018174600601196288, "grad_norm": 25.241292457580567, "loss": 24.8263570022583, "loss_cls": 24.8263570022583, "loss_bbox": 0.0, "loss_dfl": 0.0, "time": 0.396639838218689, "epoch": 4, "iter": 565, "memory": 5766, "step": 565}
{"base_lr": 0.0002, "lr": 4.985680000000001e-05, "data_time": 0.0017087411880493163, "grad_norm": 24.687597503662108, "loss": 24.189381942749023, "loss_cls": 24.189381942749023, "loss_bbox": 0.0, "loss_dfl": 0.0, "time": 0.39657744884490964, "epoch": 4, "iter": 615, "memory": 5766, "step": 615}
{"data_time": 0.0001701325346521065, "time": 0.03041211023169049, "step": 4}
{"base_lr": 0.0002, "lr": 2.7830399999999997e-05, "data_time": 0.006193552017211914, "grad_norm": 24.188487434387206, "loss": 23.603758010864258, "loss_cls": 23.603758010864258, "loss_bbox": 0.0, "loss_dfl": 0.0, "time": 0.4012706613540649, "epoch": 5, "iter": 670, "memory": 5766, "step": 670}
{"base_lr": 0.0002, "lr": 2.9910399999999997e-05, "data_time": 0.0017674493789672852, "grad_norm": 23.872195930480956, "loss": 23.234954948425294, "loss_cls": 23.234954948425294, "loss_bbox": 0.0, "loss_dfl": 0.0, "time": 0.39691837787628176, "epoch": 5, "iter": 720, "memory": 5766, "step": 720}
{"base_lr": 0.0002, "lr": 3.19904e-05, "data_time": 0.0016997146606445312, "grad_norm": 23.550748329162598, "loss": 22.858260192871093, "loss_cls": 22.858260192871093, "loss_bbox": 0.0, "loss_dfl": 0.0, "time": 0.39651208877563476, "epoch": 5, "iter": 770, "memory": 5766, "step": 770}
{"data_time": 0.00017270058561853096, "time": 0.030498483086709924, "step": 5}
