{"base_lr": 0.001, "lr": 4.9e-05, "data_time": 0.009807510375976563, "grad_norm": NaN, "loss": 79.19111297607422, "loss_cls": 44.482947463989255, "loss_bbox": 17.57968635559082, "loss_dfl": 17.128479499816894, "time": 0.4549940252304077, "epoch": 1, "iter": 50, "memory": 7275, "step": 50}
{"base_lr": 0.001, "lr": 9.9e-05, "data_time": 0.002894740104675293, "grad_norm": 1324.079605102539, "loss": 79.3578955078125, "loss_cls": 44.35628494262696, "loss_bbox": 17.76552755355835, "loss_dfl": 17.236083106994627, "time": 0.39517855167388916, "epoch": 1, "iter": 100, "memory": 5578, "step": 100}
{"base_lr": 0.001, "lr": 0.000149, "data_time": 0.0028021860122680663, "grad_norm": 1673.5484686279297, "loss": 79.64400161743164, "loss_cls": 43.982832260131836, "loss_bbox": 18.334616203308105, "loss_dfl": 17.326552829742432, "time": 0.3962839698791504, "epoch": 1, "iter": 150, "memory": 5584, "step": 150}
{"base_lr": 0.001, "lr": 0.00016360800000000004, "data_time": 0.008832197189331054, "grad_norm": 1637.5874060058593, "loss": 77.77242385864258, "loss_cls": 42.580770339965824, "loss_bbox": 17.74755111694336, "loss_dfl": 17.444102344512938, "time": 0.40483129024505615, "epoch": 2, "iter": 205, "memory": 5555, "step": 205}
{"base_lr": 0.001, "lr": 0.00020370800000000004, "data_time": 0.0028309059143066407, "grad_norm": 1244.0983203125, "loss": 76.21533615112304, "loss_cls": 41.131162567138674, "loss_bbox": 17.598153896331787, "loss_dfl": 17.486020126342773, "time": 0.40047489166259764, "epoch": 2, "iter": 255, "memory": 5575, "step": 255}
{"base_lr": 0.001, "lr": 0.00024380800000000003, "data_time": 0.0027388763427734376, "grad_norm": 1168.4955487060547, "loss": 73.54140090942383, "loss_cls": 39.21512977600098, "loss_bbox": 17.370916442871092, "loss_dfl": 16.955354232788086, "time": 0.40069939613342287, "epoch": 2, "iter": 305, "memory": 5575, "step": 305}
{"base_lr": 0.001, "lr": 0.000216836, "data_time": 0.00871023654937744, "grad_norm": 1028.1756304931641, "loss": 69.90909713745117, "loss_cls": 35.82020938873291, "loss_bbox": 16.959076805114748, "loss_dfl": 17.129811458587646, "time": 0.40778454303741457, "epoch": 3, "iter": 360, "memory": 5550, "step": 360}
{"base_lr": 0.001, "lr": 0.000247036, "data_time": 0.002785782814025879, "grad_norm": 995.5305010986328, "loss": 67.18845031738282, "loss_cls": 32.58398914337158, "loss_bbox": 17.255997276306154, "loss_dfl": 17.348463516235352, "time": 0.4028301191329956, "epoch": 3, "iter": 410, "memory": 5575, "step": 410}
{"base_lr": 0.001, "lr": 0.00027723600000000004, "data_time": 0.0026985454559326173, "grad_norm": 1105.792682495117, "loss": 65.32519523620606, "loss_cls": 30.580111389160155, "loss_bbox": 17.420251178741456, "loss_dfl": 17.32483263015747, "time": 0.40289199829101563, "epoch": 3, "iter": 460, "memory": 5583, "step": 460}
