{"base_lr": 0.0002, "lr": 9.800000000000001e-06, "data_time": 0.009025659561157227, "grad_norm": NaN, "loss": 245.59614532470704, "loss_cls": 245.59614532470704, "loss_bbox": 0.0, "loss_dfl": 0.0, "time": 0.45631014347076415, "epoch": 1, "iter": 50, "memory": 7282, "step": 50}
{"base_lr": 0.0002, "lr": 1.98e-05, "data_time": 0.001953744888305664, "grad_norm": 33068.796879882815, "loss": 90.93357551574707, "loss_cls": 90.93357551574707, "loss_bbox": 0.0, "loss_dfl": 0.0, "time": 0.3942244052886963, "epoch": 1, "iter": 100, "memory": 5762, "step": 100}
{"base_lr": 0.0002, "lr": 2.9800000000000003e-05, "data_time": 0.0019182825088500976, "grad_norm": 737.6966011810302, "loss": 36.70848793029785, "loss_cls": 36.70848793029785, "loss_bbox": 0.0, "loss_dfl": 0.0, "time": 0.39240801334381104, "epoch": 1, "iter": 150, "memory": 5762, "step": 150}
{"base_lr": 0.0002, "lr": 3.9800000000000005e-05, "data_time": 0.0018436002731323242, "grad_norm": 33.60802707672119, "loss": 30.409683799743654, "loss_cls": 30.409683799743654, "loss_bbox": 0.0, "loss_dfl": 0.0, "time": 0.39054079055786134, "epoch": 1, "iter": 200, "memory": 5762, "step": 200}
{"base_lr": 0.0002, "lr": 4.314760000000001e-05, "data_time": 0.007593326568603516, "grad_norm": 28.86541706085205, "loss": 28.858637275695802, "loss_cls": 28.858637275695802, "loss_bbox": 0.0, "loss_dfl": 0.0, "time": 0.3968295478820801, "epoch": 2, "iter": 270, "memory": 5762, "step": 270}
{"base_lr": 0.0002, "lr": 5.116760000000001e-05, "data_time": 0.001807832717895508, "grad_norm": 28.085655212402344, "loss": 28.03681957244873, "loss_cls": 28.03681957244873, "loss_bbox": 0.0, "loss_dfl": 0.0, "time": 0.39214626312255857, "epoch": 2, "iter": 320, "memory": 5759, "step": 320}
{"base_lr": 0.0002, "lr": 5.918760000000001e-05, "data_time": 0.0018072891235351562, "grad_norm": 27.224243202209472, "loss": 27.055779724121095, "loss_cls": 27.055779724121095, "loss_bbox": 0.0, "loss_dfl": 0.0, "time": 0.393085880279541, "epoch": 2, "iter": 370, "memory": 5759, "step": 370}
{"base_lr": 0.0002, "lr": 6.720760000000001e-05, "data_time": 0.001832418441772461, "grad_norm": 26.42724922180176, "loss": 26.142725982666015, "loss_cls": 26.142725982666015, "loss_bbox": 0.0, "loss_dfl": 0.0, "time": 0.3936279058456421, "epoch": 2, "iter": 420, "memory": 5759, "step": 420}
{"base_lr": 0.0002, "lr": 5.90712e-05, "data_time": 0.0075942564010620115, "grad_norm": 25.38585105895996, "loss": 24.93144599914551, "loss_cls": 24.93144599914551, "loss_bbox": 0.0, "loss_dfl": 0.0, "time": 0.4001736927032471, "epoch": 3, "iter": 490, "memory": 5759, "step": 490}
{"base_lr": 0.0002, "lr": 6.51112e-05, "data_time": 0.0018339014053344726, "grad_norm": 24.659030990600584, "loss": 24.09830951690674, "loss_cls": 24.09830951690674, "loss_bbox": 0.0, "loss_dfl": 0.0, "time": 0.3946091079711914, "epoch": 3, "iter": 540, "memory": 5759, "step": 540}
{"base_lr": 0.0002, "lr": 7.11512e-05, "data_time": 0.001850452423095703, "grad_norm": 23.89765296936035, "loss": 23.208208961486818, "loss_cls": 23.208208961486818, "loss_bbox": 0.0, "loss_dfl": 0.0, "time": 0.3953562593460083, "epoch": 3, "iter": 590, "memory": 5759, "step": 590}
{"base_lr": 0.0002, "lr": 7.71912e-05, "data_time": 0.0018275690078735352, "grad_norm": 23.182458534240723, "loss": 22.34831569671631, "loss_cls": 22.34831569671631, "loss_bbox": 0.0, "loss_dfl": 0.0, "time": 0.39510742664337156, "epoch": 3, "iter": 640, "memory": 5759, "step": 640}
{"data_time": 0.0009181337841486527, "time": 0.03883368281994836, "step": 3}
{"base_lr": 0.0002, "lr": 5.757080000000001e-05, "data_time": 0.007579116821289062, "grad_norm": 22.215416030883787, "loss": 21.212987594604492, "loss_cls": 21.212987594604492, "loss_bbox": 0.0, "loss_dfl": 0.0, "time": 0.4007643365859985, "epoch": 4, "iter": 710, "memory": 5767, "step": 710}
{"base_lr": 0.0002, "lr": 6.16308e-05, "data_time": 0.0017900371551513672, "grad_norm": 21.67710006713867, "loss": 20.57068305969238, "loss_cls": 20.57068305969238, "loss_bbox": 0.0, "loss_dfl": 0.0, "time": 0.3948589515686035, "epoch": 4, "iter": 760, "memory": 5766, "step": 760}
{"base_lr": 0.0002, "lr": 6.56908e-05, "data_time": 0.001796398162841797, "grad_norm": 21.111005325317382, "loss": 19.892389907836915, "loss_cls": 19.892389907836915, "loss_bbox": 0.0, "loss_dfl": 0.0, "time": 0.39486836433410644, "epoch": 4, "iter": 810, "memory": 5766, "step": 810}
{"base_lr": 0.0002, "lr": 6.975080000000002e-05, "data_time": 0.00178499698638916, "grad_norm": 20.525376396179198, "loss": 19.18776657104492, "loss_cls": 19.18776657104492, "loss_bbox": 0.0, "loss_dfl": 0.0, "time": 0.39466615200042726, "epoch": 4, "iter": 860, "memory": 5766, "step": 860}
{"data_time": 0.0002819418907165527, "time": 0.030548743406931558, "step": 4}
{"base_lr": 0.0002, "lr": 3.8646399999999996e-05, "data_time": 0.006154451370239258, "grad_norm": 19.827738647460937, "loss": 18.357797088623048, "loss_cls": 18.357797088623048, "loss_bbox": 0.0, "loss_dfl": 0.0, "time": 0.3987986469268799, "epoch": 5, "iter": 930, "memory": 5766, "step": 930}
{"base_lr": 0.0002, "lr": 4.07264e-05, "data_time": 0.0017783260345458985, "grad_norm": 19.51048355102539, "loss": 17.98926830291748, "loss_cls": 17.98926830291748, "loss_bbox": 0.0, "loss_dfl": 0.0, "time": 0.39422075271606444, "epoch": 5, "iter": 980, "memory": 5766, "step": 980}
{"base_lr": 0.0002, "lr": 4.1599999999999995e-05, "data_time": 0.00105499267578125, "grad_norm": 19.200140686035155, "loss": 17.61564182281494, "loss_cls": 17.61564182281494, "loss_bbox": 0.0, "loss_dfl": 0.0, "time": 0.3941511535644531, "epoch": 5, "iter": 1030, "memory": 5766, "step": 1030}
{"base_lr": 0.0002, "lr": 4.1599999999999995e-05, "data_time": 0.0005568599700927734, "grad_norm": 18.85735954284668, "loss": 17.210594177246094, "loss_cls": 17.210594177246094, "loss_bbox": 0.0, "loss_dfl": 0.0, "time": 0.39426177978515625, "epoch": 5, "iter": 1080, "memory": 5766, "step": 1080}
{"data_time": 0.00026389360427856443, "time": 0.03051990270614624, "step": 5}
