{"base_lr": 0.001, "lr": 4.9e-05, "data_time": 0.009633703231811524, "grad_norm": NaN, "loss": 79.20176055908203, "loss_cls": 43.06951438903808, "loss_bbox": 18.46256576538086, "loss_dfl": 17.66967960357666, "time": 0.45425604820251464, "epoch": 1, "iter": 50, "memory": 7277, "step": 50}
{"base_lr": 0.001, "lr": 9.9e-05, "data_time": 0.00278780460357666, "grad_norm": 1787.2565625, "loss": 77.50798324584962, "loss_cls": 42.3740975189209, "loss_bbox": 17.900880851745605, "loss_dfl": 17.233004665374757, "time": 0.39298946857452394, "epoch": 1, "iter": 100, "memory": 5552, "step": 100}
{"base_lr": 0.001, "lr": 0.000149, "data_time": 0.0027048349380493163, "grad_norm": 1547.2704162597656, "loss": 76.14045791625976, "loss_cls": 40.81347465515137, "loss_bbox": 17.947684936523437, "loss_dfl": 17.379298572540282, "time": 0.3940541076660156, "epoch": 1, "iter": 150, "memory": 5566, "step": 150}
{"base_lr": 0.001, "lr": 0.00016360800000000004, "data_time": 0.008455300331115722, "grad_norm": Infinity, "loss": 76.22581466674805, "loss_cls": 40.07222869873047, "loss_bbox": 18.47808130264282, "loss_dfl": 17.675504550933837, "time": 0.4022530221939087, "epoch": 2, "iter": 205, "memory": 5563, "step": 205}
{"base_lr": 0.001, "lr": 0.00020370800000000004, "data_time": 0.0027631092071533202, "grad_norm": Infinity, "loss": 73.08714416503906, "loss_cls": 38.3437703704834, "loss_bbox": 17.69334337234497, "loss_dfl": 17.05003053665161, "time": 0.39855084419250486, "epoch": 2, "iter": 255, "memory": 5548, "step": 255}
{"base_lr": 0.001, "lr": 0.00024380800000000003, "data_time": 0.0027155256271362304, "grad_norm": 1406.3402099609375, "loss": 71.40845352172852, "loss_cls": 35.758651161193846, "loss_bbox": 18.07479331970215, "loss_dfl": 17.57500852584839, "time": 0.3999756717681885, "epoch": 2, "iter": 305, "memory": 5563, "step": 305}
{"base_lr": 0.001, "lr": 0.000216836, "data_time": 0.008439784049987792, "grad_norm": 1188.3922119140625, "loss": 70.63840362548828, "loss_cls": 35.00100482940674, "loss_bbox": 18.160976085662842, "loss_dfl": 17.47642225265503, "time": 0.4071135377883911, "epoch": 3, "iter": 360, "memory": 5568, "step": 360}
{"base_lr": 0.001, "lr": 0.000247036, "data_time": 0.002768526077270508, "grad_norm": 1101.6380541992187, "loss": 67.79673896789551, "loss_cls": 33.98573009490967, "loss_bbox": 17.20511209487915, "loss_dfl": 16.605896492004394, "time": 0.4021458339691162, "epoch": 3, "iter": 410, "memory": 5548, "step": 410}
{"base_lr": 0.001, "lr": 0.00027723600000000004, "data_time": 0.0027434730529785154, "grad_norm": 1292.134754638672, "loss": 65.38242134094239, "loss_cls": 31.393682746887208, "loss_bbox": 17.043944625854493, "loss_dfl": 16.944794483184815, "time": 0.40264511585235596, "epoch": 3, "iter": 460, "memory": 5568, "step": 460}
