{"base_lr": 0.0002, "lr": 9.800000000000001e-06, "data_time": 0.008845019340515136, "grad_norm": NaN, "loss": 83.9261360168457, "loss_cls": 83.9261360168457, "loss_bbox": 0.0, "loss_dfl": 0.0, "time": 0.4504987096786499, "epoch": 1, "iter": 50, "memory": 7272, "step": 50}
{"base_lr": 0.0002, "lr": 1.98e-05, "data_time": 0.0018951892852783203, "grad_norm": 2328.800128173828, "loss": 52.73746154785156, "loss_cls": 52.73746154785156, "loss_bbox": 0.0, "loss_dfl": 0.0, "time": 0.3938134670257568, "epoch": 1, "iter": 100, "memory": 5747, "step": 100}
{"base_lr": 0.0002, "lr": 2.9800000000000003e-05, "data_time": 0.001853046417236328, "grad_norm": 288.37175277709963, "loss": 35.81119499206543, "loss_cls": 35.81119499206543, "loss_bbox": 0.0, "loss_dfl": 0.0, "time": 0.39382598400115965, "epoch": 1, "iter": 150, "memory": 5747, "step": 150}
{"base_lr": 0.0002, "lr": 3.9800000000000005e-05, "data_time": 0.0018106889724731445, "grad_norm": 61.455185356140134, "loss": 30.974295501708983, "loss_cls": 30.974295501708983, "loss_bbox": 0.0, "loss_dfl": 0.0, "time": 0.3929902744293213, "epoch": 1, "iter": 200, "memory": 5747, "step": 200}
{"base_lr": 0.0002, "lr": 4.314760000000001e-05, "data_time": 0.0071888589859008785, "grad_norm": 29.72181827545166, "loss": 28.8614306640625, "loss_cls": 28.8614306640625, "loss_bbox": 0.0, "loss_dfl": 0.0, "time": 0.39859336376190185, "epoch": 2, "iter": 270, "memory": 5749, "step": 270}
{"base_lr": 0.0002, "lr": 5.116760000000001e-05, "data_time": 0.0018355417251586913, "grad_norm": 28.05526782989502, "loss": 27.90769214630127, "loss_cls": 27.90769214630127, "loss_bbox": 0.0, "loss_dfl": 0.0, "time": 0.3943853187561035, "epoch": 2, "iter": 320, "memory": 5749, "step": 320}
{"base_lr": 0.0002, "lr": 5.918760000000001e-05, "data_time": 0.001824803352355957, "grad_norm": 27.00223457336426, "loss": 26.85052433013916, "loss_cls": 26.85052433013916, "loss_bbox": 0.0, "loss_dfl": 0.0, "time": 0.39502889156341553, "epoch": 2, "iter": 370, "memory": 5749, "step": 370}
{"base_lr": 0.0002, "lr": 6.720760000000001e-05, "data_time": 0.001821465492248535, "grad_norm": 26.183631782531737, "loss": 25.92202522277832, "loss_cls": 25.92202522277832, "loss_bbox": 0.0, "loss_dfl": 0.0, "time": 0.395815954208374, "epoch": 2, "iter": 420, "memory": 5749, "step": 420}
{"base_lr": 0.0002, "lr": 5.90712e-05, "data_time": 0.0071723699569702145, "grad_norm": 25.058388328552248, "loss": 24.625050888061523, "loss_cls": 24.625050888061523, "loss_bbox": 0.0, "loss_dfl": 0.0, "time": 0.4016300439834595, "epoch": 3, "iter": 490, "memory": 5749, "step": 490}
{"base_lr": 0.0002, "lr": 6.51112e-05, "data_time": 0.0018420982360839843, "grad_norm": 24.294903984069823, "loss": 23.741504287719728, "loss_cls": 23.741504287719728, "loss_bbox": 0.0, "loss_dfl": 0.0, "time": 0.3965705633163452, "epoch": 3, "iter": 540, "memory": 5749, "step": 540}
{"base_lr": 0.0002, "lr": 7.11512e-05, "data_time": 0.0018356752395629883, "grad_norm": 23.58245429992676, "loss": 22.889996452331545, "loss_cls": 22.889996452331545, "loss_bbox": 0.0, "loss_dfl": 0.0, "time": 0.3969143438339233, "epoch": 3, "iter": 590, "memory": 5749, "step": 590}
{"base_lr": 0.0002, "lr": 7.71912e-05, "data_time": 0.0018541717529296875, "grad_norm": 22.860980796813966, "loss": 22.02907543182373, "loss_cls": 22.02907543182373, "loss_bbox": 0.0, "loss_dfl": 0.0, "time": 0.39704878330230714, "epoch": 3, "iter": 640, "memory": 5749, "step": 640}
{"data_time": 0.0008474689418986692, "time": 0.03953722371893414, "step": 3}
{"base_lr": 0.0002, "lr": 5.757080000000001e-05, "data_time": 0.007213692665100097, "grad_norm": 21.877812423706054, "loss": 20.866820755004884, "loss_cls": 20.866820755004884, "loss_bbox": 0.0, "loss_dfl": 0.0, "time": 0.40278915882110594, "epoch": 4, "iter": 710, "memory": 5755, "step": 710}
{"base_lr": 0.0002, "lr": 6.16308e-05, "data_time": 0.00174349308013916, "grad_norm": 21.31967212677002, "loss": 20.206500968933106, "loss_cls": 20.206500968933106, "loss_bbox": 0.0, "loss_dfl": 0.0, "time": 0.39690814971923827, "epoch": 4, "iter": 760, "memory": 5755, "step": 760}
{"base_lr": 0.0002, "lr": 6.56908e-05, "data_time": 0.0017266035079956054, "grad_norm": 20.75633289337158, "loss": 19.528620185852052, "loss_cls": 19.528620185852052, "loss_bbox": 0.0, "loss_dfl": 0.0, "time": 0.3970420980453491, "epoch": 4, "iter": 810, "memory": 5755, "step": 810}
{"base_lr": 0.0002, "lr": 6.975080000000002e-05, "data_time": 0.0017647504806518554, "grad_norm": 20.183550338745118, "loss": 18.84478328704834, "loss_cls": 18.84478328704834, "loss_bbox": 0.0, "loss_dfl": 0.0, "time": 0.39703878879547116, "epoch": 4, "iter": 860, "memory": 5755, "step": 860}
{"data_time": 0.0002557714780171712, "time": 0.03039232095082601, "step": 4}
{"base_lr": 0.0002, "lr": 3.8646399999999996e-05, "data_time": 0.006129589080810547, "grad_norm": 19.50902042388916, "loss": 18.037641563415526, "loss_cls": 18.037641563415526, "loss_bbox": 0.0, "loss_dfl": 0.0, "time": 0.40099396705627444, "epoch": 5, "iter": 930, "memory": 5755, "step": 930}
{"base_lr": 0.0002, "lr": 4.07264e-05, "data_time": 0.0017719364166259766, "grad_norm": 19.17662082672119, "loss": 17.642398834228516, "loss_cls": 17.642398834228516, "loss_bbox": 0.0, "loss_dfl": 0.0, "time": 0.3963147449493408, "epoch": 5, "iter": 980, "memory": 5755, "step": 980}
{"base_lr": 0.0002, "lr": 4.1599999999999995e-05, "data_time": 0.0010634899139404298, "grad_norm": 18.85448173522949, "loss": 17.265699882507324, "loss_cls": 17.265699882507324, "loss_bbox": 0.0, "loss_dfl": 0.0, "time": 0.39638782501220704, "epoch": 5, "iter": 1030, "memory": 5755, "step": 1030}
{"base_lr": 0.0002, "lr": 4.1599999999999995e-05, "data_time": 0.000554656982421875, "grad_norm": 18.544931907653808, "loss": 16.88920627593994, "loss_cls": 16.88920627593994, "loss_bbox": 0.0, "loss_dfl": 0.0, "time": 0.3959275913238525, "epoch": 5, "iter": 1080, "memory": 5755, "step": 1080}
{"data_time": 0.0002765615781148275, "time": 0.03121551275253296, "step": 5}
