{"base_lr": 0.001, "lr": 4.9e-05, "data_time": 0.009762802124023438, "grad_norm": NaN, "loss": 73.63535430908203, "loss_cls": 38.28521728515625, "loss_bbox": 17.632000274658203, "loss_dfl": 17.718137168884276, "time": 0.4544143486022949, "epoch": 1, "iter": 50, "memory": 7281, "step": 50}
{"base_lr": 0.001, "lr": 9.9e-05, "data_time": 0.002911348342895508, "grad_norm": 468.86912994384767, "loss": 71.09667846679687, "loss_cls": 35.295778312683105, "loss_bbox": 17.791512107849123, "loss_dfl": 18.009388103485108, "time": 0.39128722190856935, "epoch": 1, "iter": 100, "memory": 5580, "step": 100}
{"base_lr": 0.001, "lr": 0.000149, "data_time": 0.0027388381958007814, "grad_norm": 432.3824780273437, "loss": 64.2586905670166, "loss_cls": 31.157024955749513, "loss_bbox": 16.587302322387696, "loss_dfl": 16.51436290740967, "time": 0.3919457674026489, "epoch": 1, "iter": 150, "memory": 5582, "step": 150}
{"base_lr": 0.001, "lr": 0.000183804, "data_time": 0.008091001510620118, "grad_norm": 375.0746255493164, "loss": 57.56416534423828, "loss_cls": 25.003339347839354, "loss_bbox": 16.117068462371826, "loss_dfl": 16.443757457733156, "time": 0.39920992374420167, "epoch": 2, "iter": 205, "memory": 5580, "step": 205}
{"base_lr": 0.001, "lr": 0.00022885400000000001, "data_time": 0.0028783226013183593, "grad_norm": 348.4476416015625, "loss": 53.006857528686524, "loss_cls": 21.69694278717041, "loss_bbox": 15.555320625305177, "loss_dfl": 15.754594249725342, "time": 0.3961388349533081, "epoch": 2, "iter": 255, "memory": 5577, "step": 255}
{"base_lr": 0.001, "lr": 0.000273904, "data_time": 0.0028133153915405273, "grad_norm": 339.57145141601563, "loss": 48.50086784362793, "loss_cls": 19.671214637756346, "loss_bbox": 14.301383514404296, "loss_dfl": 14.528269329071044, "time": 0.3976756477355957, "epoch": 2, "iter": 305, "memory": 5577, "step": 305}
{"base_lr": 0.001, "lr": 0.000287918, "data_time": 0.008155326843261718, "grad_norm": 308.4577279663086, "loss": 46.51077835083008, "loss_cls": 17.99960500717163, "loss_bbox": 14.020801486968994, "loss_dfl": 14.49037197113037, "time": 0.4050375509262085, "epoch": 3, "iter": 360, "memory": 5577, "step": 360}
{"base_lr": 0.001, "lr": 0.00032801800000000007, "data_time": 0.0027832269668579103, "grad_norm": 285.30188446044923, "loss": 44.86342041015625, "loss_cls": 16.852043266296388, "loss_bbox": 13.808392219543457, "loss_dfl": 14.20298517227173, "time": 0.4013870334625244, "epoch": 3, "iter": 410, "memory": 5577, "step": 410}
{"base_lr": 0.001, "lr": 0.00036811800000000007, "data_time": 0.0028090143203735353, "grad_norm": Infinity, "loss": 42.87687530517578, "loss_cls": 15.836644763946532, "loss_bbox": 13.219438858032227, "loss_dfl": 13.820792083740235, "time": 0.4018424654006958, "epoch": 3, "iter": 460, "memory": 5577, "step": 460}
{"base_lr": 0.001, "lr": 0.000361342, "data_time": 0.008151512145996093, "grad_norm": 284.0793417358398, "loss": 41.44617404937744, "loss_cls": 14.548511981964111, "loss_bbox": 13.037410678863525, "loss_dfl": 13.86025104522705, "time": 0.4081228065490723, "epoch": 4, "iter": 515, "memory": 5577, "step": 515}
{"base_lr": 0.001, "lr": 0.00039649199999999997, "data_time": 0.0028397750854492186, "grad_norm": 288.9322497558594, "loss": 41.06312774658203, "loss_cls": 13.9185599899292, "loss_bbox": 13.178679733276367, "loss_dfl": 13.96588809967041, "time": 0.40331258296966555, "epoch": 4, "iter": 565, "memory": 5577, "step": 565}
{"base_lr": 0.001, "lr": 0.000431642, "data_time": 0.002798452377319336, "grad_norm": 311.54437072753905, "loss": 39.30944938659668, "loss_cls": 13.116877841949464, "loss_bbox": 12.64970272064209, "loss_dfl": 13.542868881225585, "time": 0.4034573078155518, "epoch": 4, "iter": 615, "memory": 5577, "step": 615}
{"base_lr": 0.001, "lr": 0.00040407600000000007, "data_time": 0.008526782989501953, "grad_norm": 330.6393063354492, "loss": 38.76966640472412, "loss_cls": 12.611144943237305, "loss_bbox": 12.538163661956787, "loss_dfl": 13.620357856750488, "time": 0.4100403499603271, "epoch": 5, "iter": 670, "memory": 5577, "step": 670}
{"base_lr": 0.001, "lr": 0.00043427600000000004, "data_time": 0.0028270149230957033, "grad_norm": 264.6208416748047, "loss": 37.68970638275147, "loss_cls": 11.857056121826172, "loss_bbox": 12.460285129547119, "loss_dfl": 13.372365245819092, "time": 0.4046874475479126, "epoch": 5, "iter": 720, "memory": 5577, "step": 720}
{"base_lr": 0.001, "lr": 0.00046447600000000007, "data_time": 0.002784733772277832, "grad_norm": 276.90929748535154, "loss": 36.13338352203369, "loss_cls": 11.184026336669922, "loss_bbox": 12.080506477355957, "loss_dfl": 12.86885097503662, "time": 0.4044604253768921, "epoch": 5, "iter": 770, "memory": 5577, "step": 770}
{"coco/bbox_mAP": 0.364, "coco/bbox_mAP_50": 0.721, "coco/bbox_mAP_75": 0.322, "coco/bbox_mAP_s": 0.0, "coco/bbox_mAP_m": 0.304, "coco/bbox_mAP_l": 0.372, "data_time": 0.00036898821001350035, "time": 0.03285451786376262, "step": 5}
{"base_lr": 0.001, "lr": 0.00041612, "data_time": 0.00804110050201416, "grad_norm": 257.52413452148437, "loss": 35.820663909912106, "loss_cls": 10.85295771598816, "loss_bbox": 11.986027565002441, "loss_dfl": 12.981678466796875, "time": 0.40952938079833984, "epoch": 6, "iter": 825, "memory": 5586, "step": 825}
{"base_lr": 0.001, "lr": 0.00044137, "data_time": 0.0033766841888427735, "grad_norm": 251.82856719970704, "loss": 35.25950550079346, "loss_cls": 10.322468461990356, "loss_bbox": 11.96083396911621, "loss_dfl": 12.9762029838562, "time": 0.4050508451461792, "epoch": 6, "iter": 875, "memory": 5586, "step": 875}
{"base_lr": 0.001, "lr": 0.00046662000000000006, "data_time": 0.002686324119567871, "grad_norm": 286.69159606933596, "loss": 34.28426120758056, "loss_cls": 9.997172346115113, "loss_bbox": 11.633298540115357, "loss_dfl": 12.653790225982666, "time": 0.4046820306777954, "epoch": 6, "iter": 925, "memory": 5586, "step": 925}
{"base_lr": 0.001, "lr": 0.00039747400000000004, "data_time": 0.008031454086303711, "grad_norm": 251.64423278808593, "loss": 33.80315956115723, "loss_cls": 9.600804414749145, "loss_bbox": 11.501027584075928, "loss_dfl": 12.701327457427979, "time": 0.4105189275741577, "epoch": 7, "iter": 980, "memory": 5586, "step": 980}
{"base_lr": 0.001, "lr": 0.00040600000000000006, "data_time": 0.001521773338317871, "grad_norm": 261.75983337402346, "loss": 33.27083351135254, "loss_cls": 9.37984619140625, "loss_bbox": 11.331931953430177, "loss_dfl": 12.55905523300171, "time": 0.40510026454925535, "epoch": 7, "iter": 1030, "memory": 5586, "step": 1030}
{"base_lr": 0.001, "lr": 0.00040600000000000006, "data_time": 0.0005723237991333008, "grad_norm": 263.0465676879883, "loss": 32.87111888885498, "loss_cls": 9.198507833480836, "loss_bbox": 11.271059970855713, "loss_dfl": 12.401551036834716, "time": 0.4050783729553223, "epoch": 7, "iter": 1080, "memory": 5586, "step": 1080}
{"base_lr": 0.001, "lr": 0.00040600000000000006, "data_time": 0.005591878890991211, "grad_norm": 260.7145440673828, "loss": 32.05176853179932, "loss_cls": 8.907361297607421, "loss_bbox": 10.859935569763184, "loss_dfl": 12.284471549987792, "time": 0.4100190258026123, "epoch": 8, "iter": 1135, "memory": 5586, "step": 1135}
{"base_lr": 0.001, "lr": 0.00040600000000000006, "data_time": 0.000581517219543457, "grad_norm": 260.2194546508789, "loss": 31.114257888793944, "loss_cls": 8.265677251815795, "loss_bbox": 10.72190227508545, "loss_dfl": 12.126678237915039, "time": 0.40504863739013675, "epoch": 8, "iter": 1185, "memory": 5586, "step": 1185}
{"base_lr": 0.001, "lr": 0.00040600000000000006, "data_time": 0.0005585765838623047, "grad_norm": 246.98351348876952, "loss": 31.26984851837158, "loss_cls": 8.353430223464965, "loss_bbox": 10.814367227554321, "loss_dfl": 12.10205099105835, "time": 0.4050480842590332, "epoch": 8, "iter": 1235, "memory": 5586, "step": 1235}
{"coco/bbox_mAP": 0.43, "coco/bbox_mAP_50": 0.813, "coco/bbox_mAP_75": 0.402, "coco/bbox_mAP_s": 0.0, "coco/bbox_mAP_m": 0.346, "coco/bbox_mAP_l": 0.437,