{"base_lr": 0.0002, "lr": 9.800000000000001e-06, "data_time": 0.009631247520446777, "grad_norm": NaN, "loss": 85.2220709991455, "loss_cls": 85.2220709991455, "loss_bbox": 0.0, "loss_dfl": 0.0, "time": 0.45594539642333987, "epoch": 1, "iter": 50, "memory": 7273, "step": 50}
{"base_lr": 0.0002, "lr": 1.98e-05, "data_time": 0.0018852996826171876, "grad_norm": 2581.4742303466796, "loss": 48.99331993103027, "loss_cls": 48.99331993103027, "loss_bbox": 0.0, "loss_dfl": 0.0, "time": 0.39701238632202146, "epoch": 1, "iter": 100, "memory": 5751, "step": 100}
{"base_lr": 0.0002, "lr": 2.9800000000000003e-05, "data_time": 0.0017879199981689453, "grad_norm": 155.1418000793457, "loss": 33.48493347167969, "loss_cls": 33.48493347167969, "loss_bbox": 0.0, "loss_dfl": 0.0, "time": 0.3967589235305786, "epoch": 1, "iter": 150, "memory": 5751, "step": 150}
{"base_lr": 0.0002, "lr": 3.272160000000001e-05, "data_time": 0.007899270057678223, "grad_norm": 45.009210929870605, "loss": 29.772281684875487, "loss_cls": 29.772281684875487, "loss_bbox": 0.0, "loss_dfl": 0.0, "time": 0.4038020944595337, "epoch": 2, "iter": 205, "memory": 5751, "step": 205}
{"base_lr": 0.0002, "lr": 4.074160000000001e-05, "data_time": 0.0018189239501953125, "grad_norm": 30.372080154418946, "loss": 28.46767955780029, "loss_cls": 28.46767955780029, "loss_bbox": 0.0, "loss_dfl": 0.0, "time": 0.3981716775894165, "epoch": 2, "iter": 255, "memory": 5750, "step": 255}
{"base_lr": 0.0002, "lr": 4.876160000000001e-05, "data_time": 0.0017525625228881835, "grad_norm": 28.675921478271484, "loss": 27.279874687194823, "loss_cls": 27.279874687194823, "loss_bbox": 0.0, "loss_dfl": 0.0, "time": 0.3989231491088867, "epoch": 2, "iter": 305, "memory": 5750, "step": 305}
{"base_lr": 0.0002, "lr": 4.33672e-05, "data_time": 0.0077298212051391604, "grad_norm": 27.257761611938477, "loss": 26.05670036315918, "loss_cls": 26.05670036315918, "loss_bbox": 0.0, "loss_dfl": 0.0, "time": 0.4053599739074707, "epoch": 3, "iter": 360, "memory": 5750, "step": 360}
{"base_lr": 0.0002, "lr": 4.94072e-05, "data_time": 0.0017998361587524415, "grad_norm": 26.19956413269043, "loss": 24.96239791870117, "loss_cls": 24.96239791870117, "loss_bbox": 0.0, "loss_dfl": 0.0, "time": 0.39982598304748534, "epoch": 3, "iter": 410, "memory": 5750, "step": 410}
{"base_lr": 0.0002, "lr": 5.54472e-05, "data_time": 0.0017386817932128907, "grad_norm": 25.235532112121582, "loss": 23.961133766174317, "loss_cls": 23.961133766174317, "loss_bbox": 0.0, "loss_dfl": 0.0, "time": 0.4002460813522339, "epoch": 3, "iter": 460, "memory": 5750, "step": 460}
{"data_time": 0.00034693820618367395, "time": 0.03217838100941255, "step": 3}
{"base_lr": 0.0002, "lr": 4.17368e-05, "data_time": 0.007857093811035156, "grad_norm": 24.30610294342041, "loss": 22.987144660949706, "loss_cls": 22.987144660949706, "loss_bbox": 0.0, "loss_dfl": 0.0, "time": 0.40638687610626223, "epoch": 4, "iter": 515, "memory": 5758, "step": 515}
{"base_lr": 0.0002, "lr": 4.579680000000001e-05, "data_time": 0.0017808294296264649, "grad_norm": 23.63228569030762, "loss": 22.245331993103026, "loss_cls": 22.245331993103026, "loss_bbox": 0.0, "loss_dfl": 0.0, "time": 0.40057838916778565, "epoch": 4, "iter": 565, "memory": 5758, "step": 565}
{"base_lr": 0.0002, "lr": 4.985680000000001e-05, "data_time": 0.0017174530029296876, "grad_norm": 22.889435081481935, "loss": 21.41987190246582, "loss_cls": 21.41987190246582, "loss_bbox": 0.0, "loss_dfl": 0.0, "time": 0.40016798973083495, "epoch": 4, "iter": 615, "memory": 5758, "step": 615}
{"data_time": 0.00017131250456901593, "time": 0.03080311063992775, "step": 4}
{"base_lr": 0.0002, "lr": 2.7830399999999997e-05, "data_time": 0.006412391662597656, "grad_norm": 22.168474464416505, "loss": 20.682704086303712, "loss_cls": 20.682704086303712, "loss_bbox": 0.0, "loss_dfl": 0.0, "time": 0.40472299575805665, "epoch": 5, "iter": 670, "memory": 5758, "step": 670}
{"base_lr": 0.0002, "lr": 2.9910399999999997e-05, "data_time": 0.0017309236526489259, "grad_norm": 21.775706329345702, "loss": 20.223321533203126, "loss_cls": 20.223321533203126, "loss_bbox": 0.0, "loss_dfl": 0.0, "time": 0.39981784820556643, "epoch": 5, "iter": 720, "memory": 5758, "step": 720}
{"base_lr": 0.0002, "lr": 3.19904e-05, "data_time": 0.0016860246658325195, "grad_norm": 21.35999752044678, "loss": 19.746529006958006, "loss_cls": 19.746529006958006, "loss_bbox": 0.0, "loss_dfl": 0.0, "time": 0.40014124870300294, "epoch": 5, "iter": 770, "memory": 5758, "step": 770}
{"data_time": 0.00016486240645586435, "time": 0.03041050259002858, "step": 5}
