{"base_lr": 0.001, "lr": 4.9e-05, "data_time": 0.011494722366333008, "grad_norm": NaN, "loss": 79.10493301391601, "loss_cls": 44.38217262268066, "loss_bbox": 17.862815952301027, "loss_dfl": 16.859944190979004, "time": 0.45457923889160157, "epoch": 1, "iter": 50, "memory": 7282, "step": 50}
{"base_lr": 0.001, "lr": 9.9e-05, "data_time": 0.0028918123245239256, "grad_norm": NaN, "loss": 79.10267929077149, "loss_cls": 43.95200759887695, "loss_bbox": 18.02153314590454, "loss_dfl": 17.129138660430907, "time": 0.3905641746520996, "epoch": 1, "iter": 100, "memory": 5589, "step": 100}
{"base_lr": 0.001, "lr": 0.000149, "data_time": 0.0026969146728515626, "grad_norm": 1302.4076342773437, "loss": 79.34089187622071, "loss_cls": 43.49220222473144, "loss_bbox": 18.145143146514894, "loss_dfl": 17.703546352386475, "time": 0.39154332637786865, "epoch": 1, "iter": 150, "memory": 5589, "step": 150}
{"base_lr": 0.001, "lr": 0.00016360800000000004, "data_time": 0.008699932098388673, "grad_norm": 1304.2681878662108, "loss": 77.10973114013672, "loss_cls": 42.14851844787598, "loss_bbox": 17.76929183959961, "loss_dfl": 17.191920852661134, "time": 0.40034481048583986, "epoch": 2, "iter": 205, "memory": 5589, "step": 205}
{"base_lr": 0.001, "lr": 0.00020370800000000004, "data_time": 0.0027426004409790037, "grad_norm": 1230.7012231445312, "loss": 75.22677185058593, "loss_cls": 40.76281188964844, "loss_bbox": 17.493228206634523, "loss_dfl": 16.97073221206665, "time": 0.3955173635482788, "epoch": 2, "iter": 255, "memory": 5586, "step": 255}
{"base_lr": 0.001, "lr": 0.00024380800000000003, "data_time": 0.0027539587020874025, "grad_norm": 1274.9089587402343, "loss": 74.14841445922852, "loss_cls": 38.9546614074707, "loss_bbox": 17.79097553253174, "loss_dfl": 17.40277765274048, "time": 0.39670314311981203, "epoch": 2, "iter": 305, "memory": 5586, "step": 305}
{"base_lr": 0.001, "lr": 0.000216836, "data_time": 0.008800425529479981, "grad_norm": 1083.2138940429688, "loss": 71.72988822937012, "loss_cls": 36.95927574157715, "loss_bbox": 17.53900012969971, "loss_dfl": 17.231613063812254, "time": 0.4049180507659912, "epoch": 3, "iter": 360, "memory": 5586, "step": 360}
{"base_lr": 0.001, "lr": 0.000247036, "data_time": 0.0027852344512939455, "grad_norm": 1048.9317657470704, "loss": 68.99471405029297, "loss_cls": 34.36568279266358, "loss_bbox": 17.39516122817993, "loss_dfl": 17.233869762420653, "time": 0.3996725559234619, "epoch": 3, "iter": 410, "memory": 5586, "step": 410}
{"base_lr": 0.001, "lr": 0.00027723600000000004, "data_time": 0.002704935073852539, "grad_norm": 896.8483599853515, "loss": 66.1328254699707, "loss_cls": 31.248381690979002, "loss_bbox": 17.216433391571044, "loss_dfl": 17.66801015853882, "time": 0.4001817893981934, "epoch": 3, "iter": 460, "memory": 5586, "step": 460}
{"coco/bbox_mAP": 0.002, "coco/bbox_mAP_50": 0.006, "coco/bbox_mAP_75": 0.001, "coco/bbox_mAP_s": 0.0, "coco/bbox_mAP_m": 0.003, "coco/bbox_mAP_l": 0.004, "data_time": 0.0003296606263763168, "time": 0.03210749437045781, "step": 3}
{"base_lr": 0.001, "lr": 0.00020868400000000002, "data_time": 0.00909123420715332, "grad_norm": 1070.0328228759765, "loss": 63.625374221801756, "loss_cls": 29.507064018249512, "loss_bbox": 16.998463878631593, "loss_dfl": 17.119846839904785, "time": 0.4080573844909668, "epoch": 4, "iter": 515, "memory": 5591, "step": 515}
{"base_lr": 0.001, "lr": 0.00022898400000000003, "data_time": 0.0027559280395507814, "grad_norm": 940.6962249755859, "loss": 61.606337509155274, "loss_cls": 28.225504608154296, "loss_bbox": 16.620838050842284, "loss_dfl": 16.759995136260986, "time": 0.4017970180511475, "epoch": 4, "iter": 565, "memory": 5591, "step": 565}
{"base_lr": 0.001, "lr": 0.00024928400000000006, "data_time": 0.002713618278503418, "grad_norm": 961.6525018310547, "loss": 60.973988418579104, "loss_cls": 27.32915714263916, "loss_bbox": 16.526294193267823, "loss_dfl": 17.11853670120239, "time": 0.402251672744751, "epoch": 4, "iter": 615, "memory": 5591, "step": 615}
{"coco/bbox_mAP": 0.014, "coco/bbox_mAP_50": 0.037, "coco/bbox_mAP_75": 0.007, "coco/bbox_mAP_s": 0.0, "coco/bbox_mAP_m": 0.012, "coco/bbox_mAP_l": 0.018, "data_time": 0.00016888050036241778, "time": 0.030800487362058822, "step": 4}
{"base_lr": 0.001, "lr": 0.00013915199999999997, "data_time": 0.007655787467956543, "grad_norm": 1633.3784216308593, "loss": 61.98257774353027, "loss_cls": 27.44417610168457, "loss_bbox": 16.15440668106079, "loss_dfl": 18.38399480819702, "time": 0.4048557472229004, "epoch": 5, "iter": 670, "memory": 5591, "step": 670}
{"base_lr": 0.001, "lr": 0.00014955199999999998, "data_time": 0.002715239524841309, "grad_norm": 1355.3004565429687, "loss": 60.54183464050293, "loss_cls": 27.047182350158693, "loss_bbox": 15.51547975540161, "loss_dfl": 17.979172286987303, "time": 0.40021183967590335, "epoch": 5, "iter": 720, "memory": 5591, "step": 720}
{"base_lr": 0.001, "lr": 0.00015995199999999996, "data_time": 0.002737612724304199, "grad_norm": 1305.2348046875, "loss": 60.36650428771973, "loss_cls": 27.344252395629884, "loss_bbox": 15.486023273468017, "loss_dfl": 17.53622829437256, "time": 0.4009974479675293, "epoch": 5, "iter": 770, "memory": 5591, "step": 770}
{"coco/bbox_mAP": 0.021, "coco/bbox_mAP_50": 0.05, "coco/bbox_mAP_75": 0.014, "coco/bbox_mAP_s": 0.0, "coco/bbox_mAP_m": 0.018, "coco/bbox_mAP_l": 0.022, "data_time": 0.000174120994610975, "time": 0.03135498566816082, "step": 5}
