{"base_lr": 0.001, "lr": 4.9e-05, "data_time": 0.01145895481109619, "grad_norm": NaN, "loss": 79.52617996215821, "loss_cls": 43.97696060180664, "loss_bbox": 17.86620252609253, "loss_dfl": 17.68301670074463, "time": 0.45461222648620603, "epoch": 1, "iter": 50, "memory": 7275, "step": 50}
{"base_lr": 0.001, "lr": 9.9e-05, "data_time": 0.002924237251281738, "grad_norm": 1473.6412573242187, "loss": 79.13297790527344, "loss_cls": 43.24202423095703, "loss_bbox": 17.993657398223878, "loss_dfl": 17.897296104431152, "time": 0.39238762378692627, "epoch": 1, "iter": 100, "memory": 5578, "step": 100}
{"base_lr": 0.001, "lr": 0.000149, "data_time": 0.0027698993682861326, "grad_norm": 1513.800210571289, "loss": 78.2075016784668, "loss_cls": 42.52573905944824, "loss_bbox": 17.863935260772706, "loss_dfl": 17.81782735824585, "time": 0.39365085601806643, "epoch": 1, "iter": 150, "memory": 5578, "step": 150}
{"base_lr": 0.001, "lr": 0.00016360800000000004, "data_time": 0.009229631423950195, "grad_norm": 1555.2047778320311, "loss": 76.91699356079101, "loss_cls": 41.09448272705078, "loss_bbox": 18.086452579498292, "loss_dfl": 17.73605878829956, "time": 0.4025565624237061, "epoch": 2, "iter": 205, "memory": 5578, "step": 205}
{"base_lr": 0.001, "lr": 0.00020370800000000004, "data_time": 0.0028197431564331056, "grad_norm": 1421.8512231445313, "loss": 75.71329223632813, "loss_cls": 39.589297714233396, "loss_bbox": 17.895172595977783, "loss_dfl": 18.22882169723511, "time": 0.3976249551773071, "epoch": 2, "iter": 255, "memory": 5573, "step": 255}
{"base_lr": 0.001, "lr": 0.00024380800000000003, "data_time": 0.002729930877685547, "grad_norm": 1472.2113696289061, "loss": 73.07824264526367, "loss_cls": 37.93230415344238, "loss_bbox": 17.294095516204834, "loss_dfl": 17.851842956542967, "time": 0.3990112018585205, "epoch": 2, "iter": 305, "memory": 5573, "step": 305}
{"base_lr": 0.001, "lr": 0.000216836, "data_time": 0.00910046100616455, "grad_norm": 1067.4806549072266, "loss": 69.9249308013916, "loss_cls": 34.698913955688475, "loss_bbox": 17.369005794525147, "loss_dfl": 17.857011165618896, "time": 0.406220760345459, "epoch": 3, "iter": 360, "memory": 5573, "step": 360}
{"base_lr": 0.001, "lr": 0.000247036, "data_time": 0.0027823305130004884, "grad_norm": 1105.8864080810547, "loss": 68.16101997375489, "loss_cls": 32.64951126098633, "loss_bbox": 17.394478759765626, "loss_dfl": 18.11702995300293, "time": 0.4000201988220215, "epoch": 3, "iter": 410, "memory": 5573, "step": 410}
{"base_lr": 0.001, "lr": 0.00027723600000000004, "data_time": 0.0026933813095092775, "grad_norm": 1033.6720922851562, "loss": 65.19537811279297, "loss_cls": 30.78276008605957, "loss_bbox": 16.764105701446532, "loss_dfl": 17.648512020111085, "time": 0.4005174446105957, "epoch": 3, "iter": 460, "memory": 5573, "step": 460}
