{"base_lr": 0.0002, "lr": 9.800000000000001e-06, "data_time": 0.012016429901123046, "grad_norm": NaN, "loss": 78.86303054809571, "loss_cls": 44.36084671020508, "loss_bbox": 17.59881254196167, "loss_dfl": 16.903371543884276, "time": 0.4535556507110596, "epoch": 1, "iter": 50, "memory": 7283, "step": 50}
