{"base_lr": 0.0002, "lr": 9.800000000000001e-06, "data_time": 0.012016429901123046, "grad_norm": NaN, "loss": 78.86303054809571, "loss_cls": 44.36084671020508, "loss_bbox": 17.59881254196167, "loss_dfl": 16.903371543884276, "time": 0.4535556507110596, "epoch": 1, "iter": 50, "memory": 7283, "step": 50}
{"base_lr": 0.0002, "lr": 1.98e-05, "data_time": 0.0029046440124511717, "grad_norm": 1608.384569091797, "loss": 81.01727066040038, "loss_cls": 44.47681739807129, "loss_bbox": 18.631368236541746, "loss_dfl": 17.909085597991943, "time": 0.38921059131622315, "epoch": 1, "iter": 100, "memory": 5596, "step": 100}
{"base_lr": 0.0002, "lr": 2.9800000000000003e-05, "data_time": 0.002784605026245117, "grad_norm": 1834.6817346191406, "loss": 81.61727142333984, "loss_cls": 44.41923767089844, "loss_bbox": 19.041215438842773, "loss_dfl": 18.15681739807129, "time": 0.3916175413131714, "epoch": 1, "iter": 150, "memory": 5596, "step": 150}
{"base_lr": 0.0002, "lr": 3.81072e-05, "data_time": 0.010375299453735352, "grad_norm": 1904.1744921875, "loss": 80.96324356079101, "loss_cls": 43.80987617492676, "loss_bbox": 18.976589164733888, "loss_dfl": 18.17677730560303, "time": 0.400408616065979, "epoch": 2, "iter": 205, "memory": 5596, "step": 205}
{"base_lr": 0.0002, "lr": 4.74472e-05, "data_time": 0.002784762382507324, "grad_norm": 1555.7229797363282, "loss": 80.28145446777344, "loss_cls": 43.186906814575195, "loss_bbox": 18.912569332122803, "loss_dfl": 18.181977577209473, "time": 0.39503696918487546, "epoch": 2, "iter": 255, "memory": 5588, "step": 255}
{"base_lr": 0.0002, "lr": 5.6787200000000004e-05, "data_time": 0.0027529096603393557, "grad_norm": 1379.0223791503906, "loss": 80.2023828125, "loss_cls": 42.70697578430176, "loss_bbox": 19.178917045593263, "loss_dfl": 18.316490268707277, "time": 0.3971552276611328, "epoch": 2, "iter": 305, "memory": 5588, "step": 305}
{"base_lr": 0.0002, "lr": 6.23224e-05, "data_time": 0.010328946113586425, "grad_norm": 1317.4791107177734, "loss": 78.1392512512207, "loss_cls": 41.728627319335935, "loss_bbox": 18.463778972625732, "loss_dfl": 17.946845264434813, "time": 0.4066140699386597, "epoch": 3, "iter": 360, "memory": 5588, "step": 360}
{"base_lr": 0.0002, "lr": 7.100240000000001e-05, "data_time": 0.002892575263977051, "grad_norm": 1428.8017291259766, "loss": 76.74270812988281, "loss_cls": 40.92485916137695, "loss_bbox": 18.228523330688475, "loss_dfl": 17.589326133728026, "time": 0.3999559545516968, "epoch": 3, "iter": 410, "memory": 5588, "step": 410}
{"base_lr": 0.0002, "lr": 7.968240000000001e-05, "data_time": 0.0027274084091186523, "grad_norm": 1056.5184063720703, "loss": 76.28013366699219, "loss_cls": 40.6554615020752, "loss_bbox": 18.059500427246093, "loss_dfl": 17.56517126083374, "time": 0.4009351015090942, "epoch": 3, "iter": 460, "memory": 5588, "step": 460}
{"base_lr": 0.0002, "lr": 8.244560000000002e-05, "data_time": 0.010265169143676757, "grad_norm": 1070.150303955078, "loss": 74.03358810424805, "loss_cls": 39.110304260253905, "loss_bbox": 17.664632778167725, "loss_dfl": 17.25865026473999, "time": 0.4096085786819458, "epoch": 4, "iter": 515, "memory": 5588, "step": 515}
{"base_lr": 0.0002, "lr": 9.046560000000002e-05, "data_time": 0.002729001045227051, "grad_norm": 1253.7598931884766, "loss": 73.23073684692383, "loss_cls": 38.20382385253906, "loss_bbox": 17.715527763366698, "loss_dfl": 17.311385860443114, "time": 0.4023099231719971, "epoch": 4, "iter": 565, "memory": 5588, "step": 565}
{"base_lr": 0.0002, "lr": 9.848560000000002e-05, "data_time": 0.002670269012451172, "grad_norm": 1192.7011315917969, "loss": 73.18176498413087, "loss_cls": 37.46157386779785, "loss_bbox": 18.102509784698487, "loss_dfl": 17.61768051147461, "time": 0.40277859687805173, "epoch": 4, "iter": 615, "memory": 5588, "step": 615}
{"base_lr": 0.0002, "lr": 9.847680000000001e-05, "data_time": 0.010333027839660645, "grad_norm": 1051.6622003173827, "loss": 70.27124084472656, "loss_cls": 35.534034957885744, "loss_bbox": 17.397149658203126, "loss_dfl": 17.3400559425354, "time": 0.4107947635650635, "epoch": 5, "iter": 670, "memory": 5588, "step": 670}
{"base_lr": 0.0002, "lr": 0.00010583680000000001, "data_time": 0.0027887773513793944, "grad_norm": 1025.256590576172, "loss": 68.2744589996338, "loss_cls": 34.15497840881348, "loss_bbox": 17.204585037231446, "loss_dfl": 16.91489538192749, "time": 0.40351684093475343, "epoch": 5, "iter": 720, "memory": 5588, "step": 720}
{"base_lr": 0.0002, "lr": 0.00011319680000000002, "data_time": 0.0026910734176635743, "grad_norm": 899.5185107421875, "loss": 68.08338729858399, "loss_cls": 32.547567977905274, "loss_bbox": 17.95186761856079, "loss_dfl": 17.583951168060302, "time": 0.4038297986984253, "epoch": 5, "iter": 770, "memory": 5588, "step": 770}
{"coco/bbox_mAP": 0.008, "coco/bbox_mAP_50": 0.024, "coco/bbox_mAP_75": 0.003, "coco/bbox_mAP_s": 0.0, "coco/bbox_mAP_m": 0.013, "coco/bbox_mAP_l": 0.008, "data_time": 0.0003435145694203147, "time": 0.03225547666252504, "step": 5}
{"base_lr": 0.0002, "lr": 0.00011041600000000001, "data_time": 0.008981218338012695, "grad_norm": 847.3353143310546, "loss": 65.72629867553711, "loss_cls": 31.03606414794922, "loss_bbox": 17.27832633972168, "loss_dfl": 17.411907787323, "time": 0.4092029047012329, "epoch": 6, "iter": 825, "memory": 5599, "step": 825}
{"base_lr": 0.0002, "lr": 0.00011711600000000001, "data_time": 0.0027901506423950195, "grad_norm": 900.0472253417969, "loss": 63.2681468963623, "loss_cls": 29.66573444366455, "loss_bbox": 16.77706962585449, "loss_dfl": 16.825342655181885, "time": 0.40345393657684325, "epoch": 6, "iter": 875, "memory": 5599, "step": 875}
{"base_lr": 0.0002, "lr": 0.000123816, "data_time": 0.002760014533996582, "grad_norm": 849.2487799072265, "loss": 63.20191062927246, "loss_cls": 29.04135959625244, "loss_bbox": 17.042985954284667, "loss_dfl": 17.11756509780884, "time": 0.40390199661254883, "epoch": 6, "iter": 925, "memory": 5599, "step": 925}
{"base_lr": 0.0002, "lr": 0.0001182632, "data_time": 0.009021668434143067, "grad_norm": 808.2259698486328, "loss": 61.30712074279785, "loss_cls": 28.22640163421631, "loss_bbox": 16.394405441284178, "loss_dfl": 16.686313552856447, "time": 0.4100731182098389, "epoch": 7, "iter": 980, "memory": 5599, "step": 980}
{"base_lr": 0.0002, "lr": 0.0001208, "data_time": 0.001528782844543457, "grad_norm": 755.2860131835937, "loss": 59.59049179077149, "loss_cls": 27.620389404296876, "loss_bbox": 15.904374656677247, "loss_dfl": 16.06572774887085, "time": 0.4037936544418335, "epoch": 7, "iter": 1030, "memory": 5599, "step": 1030}
{"base_lr": 0.0002, "lr": 0.0001208, "data_time": 0.0005885934829711914, "grad_norm": 593.3085229492187, "loss": 57.90791580200195, "loss_cls": 26.063848724365233, "loss_bbox": 15.778133354187013, "loss_dfl": 16.065933990478516, "time": 0.40339457511901855, "epoch": 7, "iter": 1080, "memory": 5599, "step": 1080}
{"base_lr": 0.0002, "lr": 0.0001208, "data_time": 0.006682538986206054, "grad_norm": 684.6446411132813, "loss": 56.84580810546875, "loss_cls": 25.725224723815916, "loss_bbox": 15.408233852386475, "loss_dfl": 15.71234951019287, "time": 0.40962502002716067, "epoch": 8, "iter": 1135, "memory": 5599, "step": 1135}
{"base_lr": 0.0002, "lr": 0.0001208, "data_time": 0.0006009483337402344, "grad_norm": 674.4456198120117, "loss": 55.58972190856934, "loss_cls": 25.01923011779785, "loss_bbox": 15.128986682891846, "loss_dfl": 15.441505012512208, "time": 0.4039979076385498, "epoch": 8, "iter": 1185, "memory": 5599, "step": 1185}
{"base_lr": 0.0002, "lr": 0.0001208, "data_time": 0.0005852699279785157, "grad_norm": 570.0596508789063, "loss": 54.64732795715332, "loss_cls": 24.341444473266602, "loss_bbox": 15.006969604492188, "loss_dfl": 15.298913803100586, "time": 0.40361575603485106, "epoch": 8, "iter": 1235, "memory": 5599, "step": 1235}
{"base_lr": 0.0002, "lr": 0.00010760000000000001, "data_time": 0.006880340576171875, "grad_norm": 450.37550750732424, "loss": 54.539031448364256, "loss_cls": 24.432776947021484,