{"base_lr": 0.001, "lr": 4.9e-05, "data_time": 0.011064987182617187, "grad_norm": NaN, "loss": 78.98757415771485, "loss_cls": 44.033708267211914, "loss_bbox": 17.880630588531496, "loss_dfl": 17.07323482513428, "time": 0.4561487817764282, "epoch": 1, "iter": 50, "memory": 7280, "step": 50}
{"base_lr": 0.001, "lr": 9.9e-05, "data_time": 0.00291989803314209, "grad_norm": 1713.2963385009766, "loss": 77.61862380981445, "loss_cls": 43.25999908447265, "loss_bbox": 17.36966751098633, "loss_dfl": 16.988957939147948, "time": 0.39046770572662354, "epoch": 1, "iter": 100, "memory": 5583, "step": 100}
{"base_lr": 0.001, "lr": 0.000149, "data_time": 0.0027339649200439453, "grad_norm": 1218.0329217529297, "loss": 77.13529830932617, "loss_cls": 42.02617362976074, "loss_bbox": 17.795692214965822, "loss_dfl": 17.313432369232178, "time": 0.39149224758148193, "epoch": 1, "iter": 150, "memory": 5583, "step": 150}
{"base_lr": 0.001, "lr": 0.00016360800000000004, "data_time": 0.00921034336090088, "grad_norm": Infinity, "loss": 74.43296615600586, "loss_cls": 39.72088119506836, "loss_bbox": 17.644974956512453, "loss_dfl": 17.067110176086427, "time": 0.39938812255859374, "epoch": 2, "iter": 205, "memory": 5583, "step": 205}
{"base_lr": 0.001, "lr": 0.00020370800000000004, "data_time": 0.0027637720108032227, "grad_norm": 1201.0710009765626, "loss": 71.00078308105469, "loss_cls": 37.125943145751954, "loss_bbox": 16.971397380828858, "loss_dfl": 16.903442859649658, "time": 0.39506065368652343, "epoch": 2, "iter": 255, "memory": 5578, "step": 255}
{"base_lr": 0.001, "lr": 0.00024380800000000003, "data_time": 0.002704615592956543, "grad_norm": 1024.3817199707032, "loss": 69.50468696594238, "loss_cls": 34.580172805786134, "loss_bbox": 17.40381580352783, "loss_dfl": 17.5206982421875, "time": 0.3970317316055298, "epoch": 2, "iter": 305, "memory": 5578, "step": 305}
{"base_lr": 0.001, "lr": 0.000216836, "data_time": 0.009322447776794434, "grad_norm": 963.2161926269531, "loss": 65.13816513061523, "loss_cls": 31.09086814880371, "loss_bbox": 16.879346714019775, "loss_dfl": 17.167950496673583, "time": 0.405272274017334, "epoch": 3, "iter": 360, "memory": 5578, "step": 360}
{"base_lr": 0.001, "lr": 0.000247036, "data_time": 0.0028057241439819335, "grad_norm": 998.4493408203125, "loss": 62.78411209106445, "loss_cls": 29.423047828674317, "loss_bbox": 16.31872667312622, "loss_dfl": 17.042337665557863, "time": 0.3999746322631836, "epoch": 3, "iter": 410, "memory": 5578, "step": 410}
{"base_lr": 0.001, "lr": 0.00027723600000000004, "data_time": 0.0026909732818603516, "grad_norm": Infinity, "loss": 61.874955825805664, "loss_cls": 28.407327613830567, "loss_bbox": 16.517855167388916, "loss_dfl": 16.949772701263427, "time": 0.4001322364807129, "epoch": 3, "iter": 460, "memory": 5578, "step": 460}
