{"base_lr": 0.0002, "lr": 9.800000000000001e-06, "data_time": 0.008856449127197265, "grad_norm": NaN, "loss": 137.30158950805665, "loss_cls": 137.30158950805665, "loss_bbox": 0.0, "loss_dfl": 0.0, "time": 0.45130070686340334, "epoch": 1, "iter": 50, "memory": 7278, "step": 50}
{"base_lr": 0.0002, "lr": 1.98e-05, "data_time": 0.0019859886169433594, "grad_norm": 2962.9701669311526, "loss": 54.98204246520996, "loss_cls": 54.98204246520996, "loss_bbox": 0.0, "loss_dfl": 0.0, "time": 0.39369982719421387, "epoch": 1, "iter": 100, "memory": 5759, "step": 100}
{"base_lr": 0.0002, "lr": 2.9800000000000003e-05, "data_time": 0.0019043254852294921, "grad_norm": 281.83517364501955, "loss": 34.197374687194824, "loss_cls": 34.197374687194824, "loss_bbox": 0.0, "loss_dfl": 0.0, "time": 0.3932861089706421, "epoch": 1, "iter": 150, "memory": 5759, "step": 150}
{"base_lr": 0.0002, "lr": 3.9800000000000005e-05, "data_time": 0.001892528533935547, "grad_norm": 58.775098419189455, "loss": 30.20554096221924, "loss_cls": 30.20554096221924, "loss_bbox": 0.0, "loss_dfl": 0.0, "time": 0.39289499759674074, "epoch": 1, "iter": 200, "memory": 5759, "step": 200}
{"base_lr": 0.0002, "lr": 4.314760000000001e-05, "data_time": 0.0069321107864379885, "grad_norm": 30.010470581054687, "loss": 27.87915843963623, "loss_cls": 27.87915843963623, "loss_bbox": 0.0, "loss_dfl": 0.0, "time": 0.3989188861846924, "epoch": 2, "iter": 270, "memory": 5759, "step": 270}
{"base_lr": 0.0002, "lr": 5.116760000000001e-05, "data_time": 0.001851673126220703, "grad_norm": 28.412863502502443, "loss": 26.622750549316407, "loss_cls": 26.622750549316407, "loss_bbox": 0.0, "loss_dfl": 0.0, "time": 0.3950644397735596, "epoch": 2, "iter": 320, "memory": 5759, "step": 320}
{"base_lr": 0.0002, "lr": 5.918760000000001e-05, "data_time": 0.0018396997451782227, "grad_norm": 27.089241676330566, "loss": 25.252991638183595, "loss_cls": 25.252991638183595, "loss_bbox": 0.0, "loss_dfl": 0.0, "time": 0.39622446537017825, "epoch": 2, "iter": 370, "memory": 5759, "step": 370}
{"base_lr": 0.0002, "lr": 6.720760000000001e-05, "data_time": 0.0019181537628173827, "grad_norm": 25.39219512939453, "loss": 23.9516960144043, "loss_cls": 23.9516960144043, "loss_bbox": 0.0, "loss_dfl": 0.0, "time": 0.39697598457336425, "epoch": 2, "iter": 420, "memory": 5759, "step": 420}
{"base_lr": 0.0002, "lr": 5.90712e-05, "data_time": 0.007084574699401856, "grad_norm": 23.714167594909668, "loss": 22.249873657226562, "loss_cls": 22.249873657226562, "loss_bbox": 0.0, "loss_dfl": 0.0, "time": 0.4023878622055054, "epoch": 3, "iter": 490, "memory": 5759, "step": 490}
{"base_lr": 0.0002, "lr": 6.51112e-05, "data_time": 0.0018710422515869141, "grad_norm": 22.614267578125, "loss": 21.143424758911134, "loss_cls": 21.143424758911134, "loss_bbox": 0.0, "loss_dfl": 0.0, "time": 0.3975626802444458, "epoch": 3, "iter": 540, "memory": 5759, "step": 540}
{"base_lr": 0.0002, "lr": 7.11512e-05, "data_time": 0.001812262535095215, "grad_norm": 21.68124309539795, "loss": 19.997536010742188, "loss_cls": 19.997536010742188, "loss_bbox": 0.0, "loss_dfl": 0.0, "time": 0.39777523517608643, "epoch": 3, "iter": 590, "memory": 5759, "step": 590}
{"base_lr": 0.0002, "lr": 7.71912e-05, "data_time": 0.0018068313598632812, "grad_norm": 20.64584529876709, "loss": 18.90589855194092, "loss_cls": 18.90589855194092, "loss_bbox": 0.0, "loss_dfl": 0.0, "time": 0.3979360151290894, "epoch": 3, "iter": 640, "memory": 5759, "step": 640}
{"data_time": 0.0020731546111026054, "time": 0.03992363153877905, "step": 3}
{"base_lr": 0.0002, "lr": 5.757080000000001e-05, "data_time": 0.00747687816619873, "grad_norm": 19.376321716308595, "loss": 17.489973030090333, "loss_cls": 17.489973030090333, "loss_bbox": 0.0, "loss_dfl": 0.0, "time": 0.40337166786193845, "epoch": 4, "iter": 710, "memory": 5765, "step": 710}
{"base_lr": 0.0002, "lr": 6.16308e-05, "data_time": 0.0017869710922241212, "grad_norm": 18.655594291687013, "loss": 16.682310638427733, "loss_cls": 16.682310638427733, "loss_bbox": 0.0, "loss_dfl": 0.0, "time": 0.3976272106170654, "epoch": 4, "iter": 760, "memory": 5763, "step": 760}
{"base_lr": 0.0002, "lr": 6.56908e-05, "data_time": 0.0018292665481567383, "grad_norm": 17.959270935058594, "loss": 15.882786159515382, "loss_cls": 15.882786159515382, "loss_bbox": 0.0, "loss_dfl": 0.0, "time": 0.3980546045303345, "epoch": 4, "iter": 810, "memory": 5763, "step": 810}
{"base_lr": 0.0002, "lr": 6.975080000000002e-05, "data_time": 0.0018431282043457032, "grad_norm": 17.238381004333498, "loss": 15.07406312942505, "loss_cls": 15.07406312942505, "loss_bbox": 0.0, "loss_dfl": 0.0, "time": 0.397622184753418, "epoch": 4, "iter": 860, "memory": 5763, "step": 860}
{"data_time": 0.0002849936485290527, "time": 0.030190014839172365, "step": 4}
{"base_lr": 0.0002, "lr": 3.8646399999999996e-05, "data_time": 0.006193408966064453, "grad_norm": 16.39201114654541, "loss": 14.124341526031493, "loss_cls": 14.124341526031493, "loss_bbox": 0.0, "loss_dfl": 0.0, "time": 0.4016172456741333, "epoch": 5, "iter": 930, "memory": 5763, "step": 930}
{"base_lr": 0.0002, "lr": 4.07264e-05, "data_time": 0.0017987298965454102, "grad_norm": 16.030830268859862, "loss": 13.70961353302002, "loss_cls": 13.70961353302002, "loss_bbox": 0.0, "loss_dfl": 0.0, "time": 0.39726815700531004, "epoch": 5, "iter": 980, "memory": 5763, "step": 980}
{"base_lr": 0.0002, "lr": 4.1599999999999995e-05, "data_time": 0.0010906600952148438, "grad_norm": 15.63289852142334, "loss": 13.269577121734619, "loss_cls": 13.269577121734619, "loss_bbox": 0.0, "loss_dfl": 0.0, "time": 0.3971605443954468, "epoch": 5, "iter": 1030, "memory": 5763, "step": 1030}
{"base_lr": 0.0002, "lr": 4.1599999999999995e-05, "data_time": 0.0006061267852783204, "grad_norm": 15.24003770828247, "loss": 12.838971004486083, "loss_cls": 12.838971004486083, "loss_bbox": 0.0, "loss_dfl": 0.0, "time": 0.3966860485076904, "epoch": 5, "iter": 1080, "memory": 5763, "step": 1080}
{"data_time": 0.00029404560724894204, "time": 0.03086416721343994, "step": 5}
