{"base_lr": 0.0002, "lr": 9.800000000000001e-06, "data_time": 0.01277149200439453, "grad_norm": NaN, "loss": 77.6016537475586, "loss_cls": 42.19658279418945, "loss_bbox": 17.858856792449952, "loss_dfl": 17.546214656829832, "time": 0.4561647891998291, "epoch": 1, "iter": 50, "memory": 7281, "step": 50}
{"base_lr": 0.0002, "lr": 1.98e-05, "data_time": 0.0029605913162231447, "grad_norm": NaN, "loss": 78.79238739013672, "loss_cls": 42.10786979675293, "loss_bbox": 18.60504816055298, "loss_dfl": 18.07946897506714, "time": 0.39252605438232424, "epoch": 1, "iter": 100, "memory": 5566, "step": 100}
{"base_lr": 0.0002, "lr": 2.9800000000000003e-05, "data_time": 0.0028002071380615235, "grad_norm": 1640.0175756835938, "loss": 78.74735946655274, "loss_cls": 42.40651794433594, "loss_bbox": 18.59901594161987, "loss_dfl": 17.741825885772705, "time": 0.39186223030090334, "epoch": 1, "iter": 150, "memory": 5579, "step": 150}
{"base_lr": 0.0002, "lr": 3.272160000000001e-05, "data_time": 0.010692477226257324, "grad_norm": 1620.430771484375, "loss": 79.9412612915039, "loss_cls": 41.908050003051756, "loss_bbox": 19.307907161712645, "loss_dfl": 18.725304260253907, "time": 0.4009329032897949, "epoch": 2, "iter": 205, "memory": 5561, "step": 205}
{"base_lr": 0.0002, "lr": 4.074160000000001e-05, "data_time": 0.0029622459411621093, "grad_norm": 1903.1001879882813, "loss": 79.59510971069336, "loss_cls": 41.40271514892578, "loss_bbox": 19.479995212554932, "loss_dfl": 18.712399349212646, "time": 0.395924015045166, "epoch": 2, "iter": 255, "memory": 5556, "step": 255}
{"base_lr": 0.0002, "lr": 4.876160000000001e-05, "data_time": 0.0028729820251464843, "grad_norm": 1798.830908203125, "loss": 77.46378845214844, "loss_cls": 41.33779022216797, "loss_bbox": 18.38379814147949, "loss_dfl": 17.74219985961914, "time": 0.39752678871154784, "epoch": 2, "iter": 305, "memory": 5561, "step": 305}
{"base_lr": 0.0002, "lr": 4.33672e-05, "data_time": 0.010728507041931153, "grad_norm": 1443.2858618164062, "loss": 77.8747019958496, "loss_cls": 41.01872650146484, "loss_bbox": 18.631074676513673, "loss_dfl": 18.224901218414306, "time": 0.4076752710342407, "epoch": 3, "iter": 360, "memory": 5567, "step": 360}
{"base_lr": 0.0002, "lr": 4.94072e-05, "data_time": 0.0028745031356811526, "grad_norm": 1725.9492797851562, "loss": 78.32868423461915, "loss_cls": 41.07424385070801, "loss_bbox": 18.850558528900148, "loss_dfl": 18.403881511688233, "time": 0.4003040599822998, "epoch": 3, "iter": 410, "memory": 5556, "step": 410}
{"base_lr": 0.0002, "lr": 5.54472e-05, "data_time": 0.0027997493743896484, "grad_norm": 1598.8668524169923, "loss": 76.33558181762696, "loss_cls": 40.73689216613769, "loss_bbox": 17.981321849822997, "loss_dfl": 17.617368469238283, "time": 0.40110705375671385, "epoch": 3, "iter": 460, "memory": 5567, "step": 460}
{"coco/bbox_mAP": 0.0, "coco/bbox_mAP_50": 0.001, "coco/bbox_mAP_75": 0.0, "coco/bbox_mAP_s": 0.0, "coco/bbox_mAP_m": 0.001, "coco/bbox_mAP_l": 0.0, "data_time": 0.0003348889499480596, "time": 0.032234782875428455, "step": 3}
{"base_lr": 0.0002, "lr": 4.17368e-05, "data_time": 0.010654668807983398, "grad_norm": 1361.0482281494142, "loss": 76.40451568603515, "loss_cls": 40.24338798522949, "loss_bbox": 18.291908683776857, "loss_dfl": 17.869219150543213, "time": 0.4102066612243652, "epoch": 4, "iter": 515, "memory": 5577, "step": 515}
{"base_lr": 0.0002, "lr": 4.579680000000001e-05, "data_time": 0.0028049468994140623, "grad_norm": 1291.2198211669922, "loss": 75.4886767578125, "loss_cls": 39.80845832824707, "loss_bbox": 17.96963764190674, "loss_dfl": 17.710580825805664, "time": 0.40289480686187745, "epoch": 4, "iter": 565, "memory": 5565, "step": 565}
{"base_lr": 0.0002, "lr": 4.985680000000001e-05, "data_time": 0.002762317657470703, "grad_norm": 1487.069208984375, "loss": 73.88526611328125, "loss_cls": 39.22248588562012, "loss_bbox": 17.374526977539062, "loss_dfl": 17.28825283050537, "time": 0.4029520320892334, "epoch": 4, "iter": 615, "memory": 5577, "step": 615}
{"coco/bbox_mAP": 0.001, "coco/bbox_mAP_50": 0.004, "coco/bbox_mAP_75": 0.0, "coco/bbox_mAP_s": 0.0, "coco/bbox_mAP_m": 0.0, "coco/bbox_mAP_l": 0.002, "data_time": 0.00017369669036003155, "time": 0.030964852726392152, "step": 4}
{"base_lr": 0.0002, "lr": 2.7830399999999997e-05, "data_time": 0.0077231407165527345, "grad_norm": 2444.932890625, "loss": 76.26001678466797, "loss_cls": 39.131942672729494, "loss_bbox": 17.92736795425415, "loss_dfl": 19.200706272125245, "time": 0.40676485061645506, "epoch": 5, "iter": 670, "memory": 5565, "step": 670}
{"base_lr": 0.0002, "lr": 2.9910399999999997e-05, "data_time": 0.002901105880737305, "grad_norm": NaN, "loss": 74.55439163208008, "loss_cls": 38.40882186889648, "loss_bbox": 17.53626941680908, "loss_dfl": 18.60930076599121, "time": 0.40153553485870364, "epoch": 5, "iter": 720, "memory": 5565, "step": 720}
{"base_lr": 0.0002, "lr": 3.19904e-05, "data_time": 0.002810606956481934, "grad_norm": 2374.6699182128905, "loss": 75.28399047851562, "loss_cls": 38.788757400512694, "loss_bbox": 17.76927034378052, "loss_dfl": 18.72596284866333, "time": 0.40228082180023195, "epoch": 5, "iter": 770, "memory": 5565, "step": 770}
{"coco/bbox_mAP": 0.001, "coco/bbox_mAP_50": 0.005, "coco/bbox_mAP_75": 0.0, "coco/bbox_mAP_s": 0.0, "coco/bbox_mAP_m": 0.001, "coco/bbox_mAP_l": 0.002, "data_time": 0.0001859078973026599, "time": 0.03118382739481953, "step": 5}
