{"base_lr": 0.001, "lr": 4.9e-05, "data_time": 0.010702133178710938, "grad_norm": NaN, "loss": 75.13397201538086, "loss_cls": 40.23745063781738, "loss_bbox": 17.659185848236085, "loss_dfl": 17.237336025238037, "time": 0.454798641204834, "epoch": 1, "iter": 50, "memory": 7281, "step": 50}
{"base_lr": 0.001, "lr": 9.9e-05, "data_time": 0.002867860794067383, "grad_norm": Infinity, "loss": 76.31378479003907, "loss_cls": 40.356166458129884, "loss_bbox": 18.132534275054933, "loss_dfl": 17.82508399963379, "time": 0.39222178936004637, "epoch": 1, "iter": 100, "memory": 5584, "step": 100}
{"base_lr": 0.001, "lr": 0.000149, "data_time": 0.002854571342468262, "grad_norm": 1390.2296398925782, "loss": 75.24716262817383, "loss_cls": 39.963503494262696, "loss_bbox": 17.931525573730468, "loss_dfl": 17.352133522033693, "time": 0.3929066038131714, "epoch": 1, "iter": 150, "memory": 5584, "step": 150}
{"base_lr": 0.001, "lr": 0.00016360800000000004, "data_time": 0.009220256805419921, "grad_norm": 1531.4084521484374, "loss": 72.94116577148438, "loss_cls": 38.189049530029294, "loss_bbox": 17.506936645507814, "loss_dfl": 17.2451798248291, "time": 0.4027083778381348, "epoch": 2, "iter": 205, "memory": 5584, "step": 205}
{"base_lr": 0.001, "lr": 0.00020370800000000004, "data_time": 0.002808537483215332, "grad_norm": 1412.510421142578, "loss": 73.26376480102539, "loss_cls": 37.48476707458496, "loss_bbox": 17.90506284713745, "loss_dfl": 17.873934383392335, "time": 0.39676433086395263, "epoch": 2, "iter": 255, "memory": 5576, "step": 255}
{"base_lr": 0.001, "lr": 0.00024380800000000003, "data_time": 0.002709040641784668, "grad_norm": 1013.4953955078125, "loss": 70.20300987243652, "loss_cls": 35.382354202270506, "loss_bbox": 17.46980661392212, "loss_dfl": 17.350849399566652, "time": 0.39862564086914065, "epoch": 2, "iter": 305, "memory": 5576, "step": 305}
{"base_lr": 0.001, "lr": 0.000216836, "data_time": 0.009285607337951661, "grad_norm": 1029.9761999511718, "loss": 66.7121199798584, "loss_cls": 32.06496269226074, "loss_bbox": 17.14934711456299, "loss_dfl": 17.49781042098999, "time": 0.4068700075149536, "epoch": 3, "iter": 360, "memory": 5576, "step": 360}
{"base_lr": 0.001, "lr": 0.000247036, "data_time": 0.0028229713439941405, "grad_norm": 892.4167919921875, "loss": 63.87698638916016, "loss_cls": 29.53782539367676, "loss_bbox": 16.897595958709715, "loss_dfl": 17.441565322875977, "time": 0.4011667680740356, "epoch": 3, "iter": 410, "memory": 5576, "step": 410}
{"base_lr": 0.001, "lr": 0.00027723600000000004, "data_time": 0.002725257873535156, "grad_norm": 1009.4938195800781, "loss": 62.59519737243652, "loss_cls": 28.35276668548584, "loss_bbox": 16.96190818786621, "loss_dfl": 17.280523376464842, "time": 0.4017276048660278, "epoch": 3, "iter": 460, "memory": 5576, "step": 460}
