{"base_lr": 0.0002, "lr": 7.441154138192863e-06, "data_time": 0.007172160148620606, "grad_norm": 6786.847644042969, "loss": 27.350081939697265, "loss_cls": 27.350081939697265, "loss_bbox": 0.0, "loss_dfl": 0.0, "time": 0.4217884397506714, "epoch": 1, "iter": 50, "memory": 9121, "step": 50}
{"base_lr": 0.0002, "lr": 1.5034168564920274e-05, "data_time": 0.0017924976348876953, "grad_norm": 2236.432731933594, "loss": 17.164213123321534, "loss_cls": 17.164213123321534, "loss_bbox": 0.0, "loss_dfl": 0.0, "time": 0.35141606330871583, "epoch": 1, "iter": 100, "memory": 5411, "step": 100}
{"base_lr": 0.0002, "lr": 2.2627182991647685e-05, "data_time": 0.0017235612869262696, "grad_norm": 368.8943982696533, "loss": 10.25897663116455, "loss_cls": 10.25897663116455, "loss_bbox": 0.0, "loss_dfl": 0.0, "time": 0.35303396224975586, "epoch": 1, "iter": 150, "memory": 5411, "step": 150}
{"base_lr": 0.0002, "lr": 3.0220197418375096e-05, "data_time": 0.001753835678100586, "grad_norm": 37.84258403778076, "loss": 8.124048156738281, "loss_cls": 8.124048156738281, "loss_bbox": 0.0, "loss_dfl": 0.0, "time": 0.35399853229522704, "epoch": 1, "iter": 200, "memory": 5411, "step": 200}
{"base_lr": 0.0002, "lr": 3.781321184510251e-05, "data_time": 0.0016979312896728516, "grad_norm": 9.482912464141846, "loss": 7.457685022354126, "loss_cls": 7.457685022354126, "loss_bbox": 0.0, "loss_dfl": 0.0, "time": 0.3554211568832397, "epoch": 1, "iter": 250, "memory": 5411, "step": 250}
{"base_lr": 0.0002, "lr": 4.540622627182992e-05, "data_time": 0.0016964387893676758, "grad_norm": 7.561510553359986, "loss": 7.146126089096069, "loss_cls": 7.146126089096069, "loss_bbox": 0.0, "loss_dfl": 0.0, "time": 0.3570639419555664, "epoch": 1, "iter": 300, "memory": 5411, "step": 300}
{"base_lr": 0.0002, "lr": 5.299924069855733e-05, "data_time": 0.0016797161102294921, "grad_norm": 7.006101608276367, "loss": 6.8920440578460695, "loss_cls": 6.8920440578460695, "loss_bbox": 0.0, "loss_dfl": 0.0, "time": 0.3586027956008911, "epoch": 1, "iter": 350, "memory": 5411, "step": 350}
{"base_lr": 0.0002, "lr": 6.059225512528474e-05, "data_time": 0.001699542999267578, "grad_norm": 6.745670146942139, "loss": 6.645892066955566, "loss_cls": 6.645892066955566, "loss_bbox": 0.0, "loss_dfl": 0.0, "time": 0.3597675132751465, "epoch": 1, "iter": 400, "memory": 5411, "step": 400}
{"data_time": 0.0008212833081261586, "time": 0.038351798461655436, "step": 1}
{"base_lr": 0.0002, "lr": 5.9434472285497346e-05, "data_time": 0.004972481727600097, "grad_norm": 6.353690748214722, "loss": 6.22783802986145, "loss_cls": 6.22783802986145, "loss_bbox": 0.0, "loss_dfl": 0.0, "time": 0.36485661506652833, "epoch": 2, "iter": 489, "memory": 5414, "step": 489}
{"base_lr": 0.0002, "lr": 6.552406985573273e-05, "data_time": 0.001708807945251465, "grad_norm": 6.1545998477935795, "loss": 6.019250860214234, "loss_cls": 6.019250860214234, "loss_bbox": 0.0, "loss_dfl": 0.0, "time": 0.36221555233001707, "epoch": 2, "iter": 539, "memory": 5414, "step": 539}
{"base_lr": 0.0002, "lr": 7.161366742596811e-05, "data_time": 0.0017305278778076171, "grad_norm": 6.000934000015259, "loss": 5.80589732170105, "loss_cls": 5.80589732170105, "loss_bbox": 0.0, "loss_dfl": 0.0, "time": 0.36260907173156737, "epoch": 2, "iter": 589, "memory": 5414, "step": 589}
{"base_lr": 0.0002, "lr": 7.77032649962035e-05, "data_time": 0.0016928482055664062, "grad_norm": 5.786043300628662, "loss": 5.586913795471191, "loss_cls": 5.586913795471191, "loss_bbox": 0.0, "loss_dfl": 0.0, "time": 0.36300133228302, "epoch": 2, "iter": 639, "memory": 5414, "step": 639}
{"base_lr": 0.0002, "lr": 8.379286256643888e-05, "data_time": 0.0016985034942626953, "grad_norm": 5.590572004318237, "loss": 5.364276876449585, "loss_cls": 5.364276876449585, "loss_bbox": 0.0, "loss_dfl": 0.0, "time": 0.36328892707824706, "epoch": 2, "iter": 689, "memory": 5414, "step": 689}
{"base_lr": 0.0002, "lr": 8.988246013667426e-05, "data_time": 0.0017358493804931641, "grad_norm": 5.401382074356079, "loss": 5.139465560913086, "loss_cls": 5.139465560913086, "loss_bbox": 0.0, "loss_dfl": 0.0, "time": 0.3637809658050537, "epoch": 2, "iter": 739, "memory": 5414, "step": 739}
{"base_lr": 0.0002, "lr": 9.597205770690965e-05, "data_time": 0.0017429685592651367, "grad_norm": 5.211929836273193, "loss": 4.913205614089966, "loss_cls": 4.913205614089966, "loss_bbox": 0.0, "loss_dfl": 0.0, "time": 0.3641376066207886, "epoch": 2, "iter": 789, "memory": 5414, "step": 789}
{"base_lr": 0.0002, "lr": 0.00010206165527714503, "data_time": 0.0017360258102416992, "grad_norm": 5.020412664413453, "loss": 4.686870431900024, "loss_cls": 4.686870431900024, "loss_bbox": 0.0, "loss_dfl": 0.0, "time": 0.3641951036453247, "epoch": 2, "iter": 839, "memory": 5414, "step": 839}
{"data_time": 0.00027401049931844075, "time": 0.03144819339116414, "step": 2}
{"base_lr": 0.0002, "lr": 8.502779043280181e-05, "data_time": 0.004869346618652344, "grad_norm": 4.7150391101837155, "loss": 4.315443496704102, "loss_cls": 4.315443496704102, "loss_bbox": 0.0, "loss_dfl": 0.0, "time": 0.36739090919494627, "epoch": 3, "iter": 928, "memory": 5414, "step": 928}
{"base_lr": 0.0002, "lr": 8.961397114654516e-05, "data_time": 0.0017503595352172851, "grad_norm": 4.568411474227905, "loss": 4.146599683761597, "loss_cls": 4.146599683761597, "loss_bbox": 0.0, "loss_dfl": 0.0, "time": 0.3644286251068115, "epoch": 3, "iter": 978, "memory": 5414, "step": 978}
{"base_lr": 0.0002, "lr": 9.420015186028853e-05, "data_time": 0.0017210483551025391, "grad_norm": 4.425940465927124, "loss": 3.977750997543335, "loss_cls": 3.977750997543335, "loss_bbox": 0.0, "loss_dfl": 0.0, "time": 0.3648610830307007, "epoch": 3, "iter": 1028, "memory": 5414, "step": 1028}
{"base_lr": 0.0002, "lr": 9.878633257403188e-05, "data_time": 0.00167572021484375, "grad_norm": 4.284057683944702, "loss": 3.8095278930664063, "loss_cls": 3.8095278930664063, "loss_bbox": 0.0, "loss_dfl": 0.0, "time": 0.36435636520385745, "epoch": 3, "iter": 1078, "memory": 5414, "step": 1078}
{"base_lr": 0.0002, "lr": 0.00010337251328777524, "data_time": 0.0016961240768432618, "grad_norm": 4.141910591125488, "loss": 3.642825388908386, "loss_cls": 3.642825388908386, "loss_bbox": 0.0, "loss_dfl": 0.0, "time": 0.36456398487091063, "epoch": 3, "iter": 1128, "memory": 5414, "step": 1128}
{"base_lr": 0.0002, "lr": 0.00010795869400151859, "data_time": 0.0016915178298950195, "grad_norm": 4.002383074760437, "loss": 3.4781312942504883, "loss_cls": 3.4781312942504883, "loss_bbox": 0.0, "loss_dfl": 0.0, "time": 0.3644902753829956, "epoch": 3, "iter": 1178, "memory": 5414, "step": 1178}
{"base_lr": 0.0002, "lr": 0.00011254487471526195, "data_time": 0.0017079877853393554, "grad_norm": 3.864361243247986, "loss": 3.31612988948822, "loss_cls": 3.31612988948822, "loss_bbox": 0.0, "loss_dfl": 0.0, "time": 0.3646408224105835, "epoch": 3, "iter": 1228, "memory": 5414, "step": 1228}
{"base_lr": 0.0002, "lr": 0.0001171310554290053, "data_time": 0.0017353010177612305, "grad_norm": 3.7275483322143557, "loss": 3.1569936895370483, "loss_cls": 3.1569936895370483, "loss_bbox": 0.0, "loss_dfl": 0.0, "time": 0.36461098670959474, "epoch": 3, "iter": 1278, "memory": 5414, "step": 1278}
{"data_time": 0.0002532839775085449, "time": 0.03142440716425578, "step": 3}
{"base_lr": 0.0002, "lr": 8.120000000000001e-05, "data_time": 0.0037811946868896483, "grad_norm": 3.5096108150482177, "loss": 2.9077898597717287, "loss_cls": 2.9077898597717287, "loss_bbox": 0.0, "loss_dfl": 0.0, "time": 0.3677487659454346, "epoch": 4, "iter": 1367, "memory": 5414, "step": 1367}
{"base_lr": 0.0002, "lr": 8.120000000000001e-05, "data_time": 0.0005087471008300782, "grad_norm": 3.42368540763855, "loss": 2.809651741981506, "loss_cls": 2.809651741981506, "loss_bbox": 0.0, "loss_dfl": 0.0, "time": 0.3648285722732544, "epoch": 4, "iter": 1417, "memory": 5414, "step": 1417}
{"base_lr": 0.0002, "lr": 8.120000000000001e-05, "data_time": 0.0005061674118041992, "grad_norm": 3.3392626523971556,