{"base_lr": 0.001, "lr": 4.9e-05, "data_time": 0.010257749557495118, "grad_norm": NaN, "loss": 76.06788711547851, "loss_cls": 40.711313018798826, "loss_bbox": 17.92016550064087, "loss_dfl": 17.436408634185792, "time": 0.45442049503326415, "epoch": 1, "iter": 50, "memory": 7280, "step": 50}
{"base_lr": 0.001, "lr": 9.9e-05, "data_time": 0.0029051542282104493, "grad_norm": Infinity, "loss": 76.23026489257812, "loss_cls": 40.375453338623046, "loss_bbox": 18.246269035339356, "loss_dfl": 17.60854238510132, "time": 0.391703782081604, "epoch": 1, "iter": 100, "memory": 5588, "step": 100}
{"base_lr": 0.001, "lr": 0.000149, "data_time": 0.0027791976928710936, "grad_norm": 1470.1602209472655, "loss": 74.93299270629883, "loss_cls": 39.5958748626709, "loss_bbox": 17.883367080688476, "loss_dfl": 17.45375066757202, "time": 0.394165096282959, "epoch": 1, "iter": 150, "memory": 5588, "step": 150}
{"base_lr": 0.001, "lr": 0.00016360800000000004, "data_time": 0.00897836208343506, "grad_norm": 1657.6413220214845, "loss": 74.07050857543945, "loss_cls": 38.521162338256836, "loss_bbox": 17.857692375183106, "loss_dfl": 17.691654167175294, "time": 0.4029412317276001, "epoch": 2, "iter": 205, "memory": 5588, "step": 205}
{"base_lr": 0.001, "lr": 0.00020370800000000004, "data_time": 0.002899465560913086, "grad_norm": 1351.5803497314453, "loss": 72.56682174682618, "loss_cls": 37.42529190063477, "loss_bbox": 17.641898136138916, "loss_dfl": 17.499631690979005, "time": 0.3982954359054565, "epoch": 2, "iter": 255, "memory": 5582, "step": 255}
{"base_lr": 0.001, "lr": 0.00024380800000000003, "data_time": 0.002853078842163086, "grad_norm": 1332.7727575683593, "loss": 69.50564010620117, "loss_cls": 34.85743602752686, "loss_bbox": 17.563156776428222, "loss_dfl": 17.08504762649536, "time": 0.39968606948852536, "epoch": 2, "iter": 305, "memory": 5582, "step": 305}
{"base_lr": 0.001, "lr": 0.000216836, "data_time": 0.008912763595581054, "grad_norm": 1198.3753607177734, "loss": 68.78708000183106, "loss_cls": 33.47412239074707, "loss_bbox": 17.59394226074219, "loss_dfl": 17.719015674591063, "time": 0.40644713401794436, "epoch": 3, "iter": 360, "memory": 5582, "step": 360}
{"base_lr": 0.001, "lr": 0.000247036, "data_time": 0.002880148887634277, "grad_norm": 1083.2833654785156, "loss": 65.78541305541992, "loss_cls": 31.343896560668945, "loss_bbox": 17.323614292144775, "loss_dfl": 17.117902011871337, "time": 0.40086921215057375, "epoch": 3, "iter": 410, "memory": 5582, "step": 410}
{"base_lr": 0.001, "lr": 0.00027723600000000004, "data_time": 0.0028149557113647462, "grad_norm": 1017.5427850341797, "loss": 63.10689323425293, "loss_cls": 29.094856147766112, "loss_bbox": 16.948785724639894, "loss_dfl": 17.063251705169677, "time": 0.4010964632034302, "epoch": 3, "iter": 460, "memory": 5582, "step": 460}
